start,end,label
663.75,664.74,ignore
668.01,669.00,ignore
664.75,666.74,ignore
666.75,668.00,win
1667.50,1668.49,ignore
1671.76,1672.75,ignore
1668.50,1671.75,win
3464.25,3465.24,ignore
3468.51,3469.50,ignore
3465.25,3468.50,loss
4406.25,4407.24,ignore
4410.51,4411.50,ignore
4407.25,4410.50,loss
5733.00,5733.99,ignore
5737.01,5738.00,ignore
5734.00,5737.00,win
7149.00,7149.99,ignore
7153.01,7154.00,ignore
7150.00,7153.00,loss
8568.25,8569.24,ignore
8572.51,8573.50,ignore
8569.25,8572.50,loss
9957.50,9958.49,ignore
9961.76,9962.75,ignore
9958.50,9961.75,loss
11413.75,11414.74,ignore
11418.01,11419.00,ignore
11414.75,11418.00,win
12704.00,12704.99,ignore
12708.26,12709.25,ignore
12705.00,12708.25,win
13753.50,13754.49,ignore
13757.76,13758.75,ignore
13754.50,13757.75,win
